##
##  Licensed to the Apache Software Foundation (ASF) under one
##  or more contributor license agreements.  See the NOTICE file
##  distributed with this work for additional information
##  regarding copyright ownership.  The ASF licenses this file
##  to you under the Apache License, Version 2.0 (the
##  "License"); you may not use this file except in compliance
##  with the License.  You may obtain a copy of the License at
##
##   http://www.apache.org/licenses/LICENSE-2.0
##
##  Unless required by applicable law or agreed to in writing,
##  software distributed under the License is distributed on an
##   * "AS IS" BASIS, WITHOUT WARRANTIES OR CONDITIONS OF ANY
##  KIND, either express or implied.  See the License for the
##  specific language governing permissions and limitations
##  under the License.
##
#set( $symbol_dollar = '$' )
<?xml version="1.0" encoding="UTF-8"?>
<assembly>
    <includeBaseDirectory>true</includeBaseDirectory>
    <formats>
        <format>zip</format>
    </formats>
    <dependencySets>
        <dependencySet>
            <useProjectArtifact>false</useProjectArtifact>
            <includes>
                <include>org.apache.synapse:synapse-package-skeleton</include>
            </includes>
            <unpack>true</unpack>
        </dependencySet>
        <dependencySet>
            <useProjectArtifact>false</useProjectArtifact>
            <includes>
                <include>*:*:*:jar</include>
            </includes>
            <outputDirectory>lib</outputDirectory>
        </dependencySet>
        <dependencySet>
            <useProjectArtifact>false</useProjectArtifact>
            <includes>
                <include>*:*:*:mar</include>
            </includes>
            <excludes>
                <exclude>org.apache.synapse:synapse-module</exclude>
            </excludes>
            <outputDirectory>repository/modules</outputDirectory>
            <outputFileNameMapping>${symbol_dollar}{artifact.artifactId}.${symbol_dollar}{artifact.extension}</outputFileNameMapping>
        </dependencySet>
    </dependencySets>
    <fileSets>
        <fileSet>
            <directory>repository</directory>
        </fileSet>
    </fileSets>
    <files>
        <file>
            <source>conf/log4j.properties</source>
            <outputDirectory>lib</outputDirectory>
        </file>
    </files>
</assembly>
