<?xml version="1.0" encoding="UTF-8"?>
        <!--
  ~  Licensed to the Apache Software Foundation (ASF) under one
  ~  or more contributor license agreements.  See the NOTICE file
  ~  distributed with this work for additional information
  ~  regarding copyright ownership.  The ASF licenses this file
  ~  to you under the Apache License, Version 2.0 (the
  ~  "License"); you may not use this file except in compliance
  ~  with the License.  You may obtain a copy of the License at
  ~
  ~   http://www.apache.org/licenses/LICENSE-2.0
  ~
  ~  Unless required by applicable law or agreed to in writing,
  ~  software distributed under the License is distributed on an
  ~   * "AS IS" BASIS, WITHOUT WARRANTIES OR CONDITIONS OF ANY
  ~  KIND, either express or implied.  See the License for the
  ~  specific language governing permissions and limitations
  ~  under the License.
  -->

<!--Aggregator eip library function template shipped with the Apache Synapse -->
<template xmlns="http://ws.apache.org/ns/synapse" name="aggregator">
    <parameter name="aggregator_exp"/>
    <parameter name="oncomplete_seq_enabled" default="false" optional="true"/>
    <parameter name="sequence_ref" optional="true"/>
    <sequence>
        <aggregate>
            <completeCondition>
                <messageCount min="-1" max="-1"/>
            </completeCondition>
            <onComplete expression="$func:aggregator_exp">
                <filter xpath="$func:oncomplete_seq_enabled='true'">
                    <then>
                        <sequence key="{$func:sequence_ref}"/>
                    </then>
                    <else>
                        <send/>
                    </else>
                </filter>
            </onComplete>
        </aggregate>
    </sequence>
</template>