<?xml version="1.0" encoding="UTF-8"?>
<!--
  ~  Licensed to the Apache Software Foundation (ASF) under one
  ~  or more contributor license agreements.  See the NOTICE file
  ~  distributed with this work for additional information
  ~  regarding copyright ownership.  The ASF licenses this file
  ~  to you under the Apache License, Version 2.0 (the
  ~  "License"); you may not use this file except in compliance
  ~  with the License.  You may obtain a copy of the License at
  ~
  ~   http://www.apache.org/licenses/LICENSE-2.0
  ~
  ~  Unless required by applicable law or agreed to in writing,
  ~  software distributed under the License is distributed on an
  ~   * "AS IS" BASIS, WITHOUT WARRANTIES OR CONDITIONS OF ANY
  ~  KIND, either express or implied.  See the License for the
  ~  specific language governing permissions and limitations
  ~  under the License.
  -->
<definitions xmlns="http://ws.apache.org/ns/synapse">

    <registry provider="org.apache.synapse.registry.url.SimpleURLRegistry">
        <!-- the root property of the simple URL registry helps resolve a resource URL as root + key -->
        <parameter name="root">file:./../../repository/conf/sample/resources/</parameter>
        <!-- all resources loaded from the URL registry would be cached for this number of milli seconds -->
        <parameter name="cachableDuration">15000</parameter>
    </registry>

    <sequence name="commodityQuote">
        <!-- set the To address to the real endpoint -->
        <header name="To" value="http://127.0.0.1:10101/services/Services"/>
        <header name="Action" value="urn:commodity"/>
    </sequence>

    <proxy name="StockQuoteProxy">
        <target>
            <endpoint>
                <address uri="http://localhost:9000/services/SimpleStockQuoteService"/>
            </endpoint>
            <outSequence>
                <send/>
            </outSequence>
        </target>
        <publishWSDL uri="file:./../../repository/conf/sample/resources/misc/proxy/test_proxy_1.wsdl">
            <resource location="test_proxy_1.xsd" key="misc/proxy/test_proxy_1.xsd"/>
        </publishWSDL>
    </proxy>

    <sequence name="main">
        <!-- Check if the URL matches the stockquote gateway/dumb case -->
        <filter source="get-property('To')" regex=".*/CommodityQuote.*">
            <sequence key="commodityQuote"/>
        </filter>
        <send/>
    </sequence>

</definitions>
