<?xml version="1.0" encoding="ISO-8859-1" ?>
<!--
  ~  Licensed to the Apache Software Foundation (ASF) under one
  ~  or more contributor license agreements.  See the NOTICE file
  ~  distributed with this work for additional information
  ~  regarding copyright ownership.  The ASF licenses this file
  ~  to you under the Apache License, Version 2.0 (the
  ~  "License"); you may not use this file except in compliance
  ~  with the License.  You may obtain a copy of the License at
  ~
  ~   http://www.apache.org/licenses/LICENSE-2.0
  ~
  ~  Unless required by applicable law or agreed to in writing,
  ~  software distributed under the License is distributed on an
  ~   * "AS IS" BASIS, WITHOUT WARRANTIES OR CONDITIONS OF ANY
  ~  KIND, either express or implied.  See the License for the
  ~  specific language governing permissions and limitations
  ~  under the License.
  -->

<document>
    <properties>
        <title>Apache Synapse - Sample 854</title>
    </properties>
    <body>
        <section name="Sample 854: Introduction to Synapse Wire Tap eip function template">
            <div class="xmlConf">&lt;!-- Introduction to Synapse Wire Tap eip function template --&gt;
&lt;definitions xmlns="http://ws.apache.org/ns/synapse"&gt;
&lt;import xmlns="http://ws.apache.org/ns/synapse" name="EipLibrary" package="synapse.lang.eip" /&gt;
    &lt;sequence name="main"&gt;
&lt;property name="OUT_ONLY" value="true"/&gt;
        &lt;property name="FORCE_SC_ACCEPTED" value="true" scope="axis2"/&gt;
        &lt;call-template target="synapse.lang.eip.wire_tap"&gt;
&lt;with-param name="wiretap_uri" value="http://localhost:9000/services/SimpleStockQuoteService"/&gt;
            &lt;with-param name="destination_uri" value="http://localhost:9001/services/SimpleStockQuoteService"/&gt;          
        &lt;/call-template&gt;
    &lt;/sequence&gt;
&lt;/definitions&gt;</div>
            <subsection name="Objective">
                <p>
This sample is an introduction to Synapse Wire Tap eip function template. 
                </p>
            </subsection>
            <subsection name="Pre-requisites">
                <p>
                    <ul>
                        <li>
                            Start two instances of sample Axis2 server on HTTP ports 9000,9001. And deploy the SimpleStockQuoteService in all of them.
                        </li>
                        <li>
                            Start Synapse using the configuration numbered 854 (repository/conf/sample/synapse_sample_854.xml)
                            <div class="command">
                                Unix/Linux: sh synapse.sh -sample 854<br/>
                                Windows: synapse.bat -sample 854
                            </div>
                        </li>
                    </ul>
                </p>
            </subsection>
            <subsection name="Executing the Client">
<p>
In this sample, the messages sent to Synapse will be route to a secondary channel(wiretap_uri) while they are being forwarded to the main channel(destination_uri).
</p> 
<p>
                    Invoke the client as follows.
                </p>
                <div class="command">ant stockquote -Dtrpurl=http://localhost:8280/</div>
            </subsection>
        </section>
        <p><a href="../samples.html">Back to Catalog</a></p>        
    </body>
</document>
